;cat_id;count;cat_code
0;1;2;Rheinufer (inkl. Birsköpfli, Hafenareal, usw.), Birs, Wiese
1;2;2;Kurze Wege
2;3;5;Öffentlicher Verkehr
3;4;1;Viele Ladengeschäfte, Restaurants
4;5;7;Parks, Plätze, Grünflächen
5;6;3;Menschen
6;7;5;Freizeitangebote (Sport, Kulturelle Anlässe etc.)
7;8;1;Alles
8;9;1;Anderes
9;11;1;Schule/ Ausbildung/ Arbeitsmöglichkeiten
10;12;6;Stadt (Innenstadt, Grösse der Stadt, Basel ist schön) 
11;14;1;Sicherheit
12;17;1;Lebens- und Wohnstandard
13;18;1;Ruhe
14;999;1;Keine Angabe
